﻿Designator,Footprint,Quantity,Value,LCSC Part #
"C1, C2, C3",0805,3,22uf,
"C4, C6",0603,2,100nf,
C5,0805,1,10uf,
"C7, C8",0603,2,0.1uf,
IC1,MODULE_RP2040-ZERO,1,RP2040-ZERO,
"J1, J2",TerminalBlock_Xinya_XY308-2.54-2P_1x02_P2.54mm_Horizontal,2,01x02,
L,0603,1,LEFT,
L1,1008,1,4.7uH,
PWR,0603,1,PWR,
R,0603,1,RIGHT,
"R1, R2, R3, R4",1206,4,10K,
"R10, R11, R12, R6, R7, R8, R9",0603,7,1K,
R5,1206,1,1K,
S1,0603,1,S1,
S2,0603,1,S2,
S3,0603,1,S3,
S4,0603,1,S4,
S5,0603,1,S5,
SW1,XDCR_PEC11R-4215F-S0024,1,~,
U1,TSOT-23-6_HandSoldering,1,AP63200WU,
U2,DIP-16_W7.62mm_LongPads,1,L293D,
