﻿Designator,Footprint,Quantity,Value,LCSC Part #
"C1, C2, C5",CP_Radial_D4.0mm_P1.50mm,3,100uf/16V,
C6,CP_Radial_D4.0mm_P1.50mm,1,100nf,
"C7, C8",CP_Radial_D4.0mm_P1.50mm,2,0.1uf,
C9,CP_Radial_D4.0mm_P1.50mm,1,100uf/25V,
D1,LED_Rectangular_W5.0mm_H2.0mm,1,PWR,
D2,LED_Rectangular_W5.0mm_H2.0mm,1,LEFT,
D3,LED_Rectangular_W5.0mm_H2.0mm,1,RIGHT,
D4,LED_Rectangular_W5.0mm_H2.0mm,1,S1,
D5,LED_Rectangular_W5.0mm_H2.0mm,1,S2,
D6,LED_Rectangular_W5.0mm_H2.0mm,1,S3,
D7,LED_Rectangular_W5.0mm_H2.0mm,1,S4,
D8,LED_Rectangular_W5.0mm_H2.0mm,1,S5,
IC1,MODULE_RP2040-ZERO,1,RP2040-ZERO,
"J1, J2",TerminalBlock_Xinya_XY308-2.54-2P_1x02_P2.54mm_Horizontal,2,01x02,
"R1, R2, R3, R4",R_Axial_DIN0204_L3.6mm_D1.6mm_P2.54mm_Vertical,4,10K,
"R10, R11, R12, R5, R6, R7, R8, R9",R_Axial_DIN0204_L3.6mm_D1.6mm_P2.54mm_Vertical,8,1K,
SW1,XDCR_PEC11R-4215F-S0024,1,~,
U1,TO-220-3_Vertical,1,LM7805_TO220,
U2,DIP-16_W7.62mm_LongPads,1,L293D,
